Dataset,Metric_Type,Class,Precision,Recall,F1_Score,Support,Accuracy,Macro_Precision,Macro_Recall,Macro_F1
Bot Data Evaluation,Overall,All,0.7930069930069931,0.6923076923076923,0.6745665516777921,169,0.6923076923076923,0.7772727272727273,0.7152738565782044,0.6801106581246359
Bot Data Evaluation,Per_Class,0,0.6,0.974025974025974,0.7425742574257426,77,0.6923076923076923,0.7772727272727273,0.7152738565782044,0.6801106581246359
Bot Data Evaluation,Per_Class,1,0.9545454545454546,0.45652173913043476,0.6176470588235293,92,0.6923076923076923,0.7772727272727273,0.7152738565782044,0.6801106581246359
User Data Evaluation,Overall,All,0.8918320762398723,0.8509316770186336,0.8555794988802975,161,0.8509316770186336,0.838847468157813,0.8848800282286521,0.8435374149659864
User Data Evaluation,Per_Class,0,0.6891891891891891,0.9807692307692307,0.8095238095238095,52,0.8509316770186336,0.838847468157813,0.8848800282286521,0.8435374149659864
User Data Evaluation,Per_Class,1,0.9885057471264368,0.7889908256880734,0.8775510204081634,109,0.8509316770186336,0.838847468157813,0.8848800282286521,0.8435374149659864
